177,-13,5,-114,183,-16,165,184,78,-18,-83,71,-99,144,46,185,194,50,51,5,198,-149,-26,-45,18,-24,-52,47,98,176,-189,129,167,-167,-90,-160,-41,19,83,-30,111,1,84,-164,-199,0,154,78,-135,-2,-24,132,-43,59,-193,173,-55,-139,24,-72,16,-164,-125,-73,-154,138,20,-108,-134,-91,-17,115,-69,-166,-65,-116,183,-56,132,39,57,-199,-178,-2,7,0,-181,-19,-13,-88,73,-27,-46,112,-33,90,95,-102,149,117
119,-171,141,-124,96,-122,153,-64,21,166,-158,-11,35,-186,-41,78,130,-83,54,31,-121,-134,100,140,-69,92,-160,194,-118,141,-17,-96,43,-129,109,-17,-7,162,-130,-163,69,4,-139,-155,41,-115,57,-69,-26,107,83,-100,184,151,-94,79,33,-10,-145,-109,94,-117,-124,-2,149,73,25,189,140,172,186,68,-55,-109,-98,-18,97,35,-53,-80,-102,0,124,-112,44,15,50,-191,-38,-33,-170,-34,70,66,-109,-95,-28,-81,-99,-183
55,-138,21,-43,-65,-147,-30,68,35,75,68,-27,-188,51,-91,54,92,98,137,-44,86,-168,-76,148,-139,-28,46,10,6,56,8,119,121,40,-61,-101,108,-97,-163,-48,55,-169,72,152,-70,-76,35,-61,-198,112,-135,-107,-71,-177,-61,135,-33,142,-133,-191,24,42,-32,-75,22,110,-24,64,57,-99,66,-65,-141,97,-86,-96,194,70,-58,89,-166,-188,39,187,167,-59,144,133,141,-165,95,-144,-199,147,-91,-46,47,-40,-150,-86
-83,-152,158,-57,-111,-30,23,-173,-49,102,103,-86,-98,-34,70,5,133,-65,-33,175,134,-192,186,192,-76,-74,84,-172,113,23,198,141,155,-7,27,-116,165,13,24,-199,53,-93,120,131,-83,174,-26,-117,-155,-95,168,-165,183,-163,-50,115,163,-89,-127,92,-71,-25,70,-121,67,-54,-148,8,-16,-51,197,189,43,57,-2,-44,-9,119,198,173,-53,79,-44,-9,116,184,-4,189,-23,98,181,40,63,157,-12,181,-96,161,31,-54
-29,-197,-200,-18,127,-36,133,13,192,122,-194,169,68,142,159,-156,-82,132,-141,152,-181,-108,-123,-28,33,71,-97,-138,-65,123,124,-161,-128,118,-88,-179,-44,-95,40,102,28,127,-96,-188,186,-65,-105,177,90,99,-152,24,165,-144,161,107,121,-49,-3,-59,30,55,-54,160,163,113,-82,-71,-84,10,-2,-133,-146,-125,-7,16,3,-136,181,-80,-7,-176,-54,-135,65,188,-26,-104,-197,185,-12,89,-200,-28,130,19,159,186,146,-184
41,-14,-195,17,158,-5,88,-51,195,-19,147,19,-39,30,-158,-74,189,118,185,-111,109,124,-125,111,51,103,164,-124,-3,123,-14,197,8,-188,-182,-170,83,-140,-70,85,-24,-171,18,-14,183,-120,-126,67,-46,94,-55,178,-94,-58,-162,-89,98,-143,23,-35,-160,132,-188,168,-110,-60,-197,154,-15,-76,-113,100,115,-102,-186,-86,-128,-108,-24,-19,-40,-115,-17,28,185,-65,-72,-95,-17,10,64,-72,-187,133,45,33,200,54,-152,-130
132,10,190,-7,165,-70,75,-139,186,-66,-125,-90,-192,55,23,-123,119,131,173,96,-141,-135,-94,-35,118,188,-141,96,166,62,14,69,-4,-164,133,-33,-192,120,-162,-121,178,-189,-195,-52,120,52,96,-129,1,-102,33,-16,-24,44,139,82,188,-190,-157,-59,126,-174,39,-92,56,21,120,-194,-94,-75,19,-123,-125,164,-112,86,34,85,28,-45,-89,52,102,-25,11,153,-2,-6,-104,64,-165,-1,-146,-101,88,114,155,-39,124,-65
188,-82,-63,-163,140,-86,165,51,64,172,115,34,-47,-158,-200,2,66,-16,134,0,99,-9,55,46,86,-4,-48,-153,7,161,187,168,32,-195,23,171,194,60,46,-92,69,199,88,95,-38,18,-70,-183,99,108,-112,154,168,-100,133,93,-88,158,119,97,146,70,37,125,27,137,-40,-21,-194,18,20,44,185,-174,-10,-88,-52,151,-89,-147,23,84,-49,36,-192,-74,-152,9,-15,-128,164,177,175,-31,110,-167,-47,178,-52,-24
-118,-128,-81,-170,10,112,-61,98,-47,177,177,-96,-124,102,111,-167,-188,80,-155,199,7,-170,79,-116,-179,129,-60,64,-86,30,113,-140,-69,-133,44,-75,148,54,170,190,123,41,115,-135,-186,137,152,144,53,194,143,-13,12,162,145,45,13,164,178,154,-55,-92,190,99,-123,-139,-172,143,66,-193,72,103,-3,189,-87,-73,-158,-78,-188,128,181,-31,17,19,-178,80,-18,184,30,-21,-13,-165,-81,39,184,-45,-182,-16,-198,-62
-128,-18,-62,36,173,-67,-38,113,-49,125,-85,-197,107,-164,-5,89,163,-133,71,63,65,95,-15,10,117,-7,-23,-52,-72,-72,-72,-60,100,35,-124,-5,-55,-179,-56,-42,199,71,-188,157,36,41,61,-136,-133,35,-31,-178,0,109,175,-192,-37,-63,-26,-199,162,95,36,139,46,-18,-51,-30,-109,-69,4,3,-13,175,-3,108,130,-26,-86,-42,187,70,56,99,69,192,-114,-185,168,-32,-176,36,-93,-89,-2,-60,-47,185,116,-174
142,85,-57,193,-16,-146,-73,130,-189,67,-112,131,138,44,165,-63,-156,21,187,68,-184,42,151,128,26,82,-50,129,-171,-144,-26,-85,-23,-149,-67,-11,-24,-53,0,66,-128,-128,147,0,-135,-186,-26,-49,20,107,79,-73,-88,-177,71,195,63,75,-142,-9,168,-41,21,142,96,-44,-78,-36,-120,150,35,-193,165,143,185,36,-185,-75,-98,102,183,145,-199,-86,79,83,-54,-94,161,-89,61,168,-142,-32,-112,-145,-3,85,-14,125
-18,-57,105,192,93,54,106,-18,-136,113,27,51,179,-172,-124,-80,-112,-113,-165,-123,-106,151,146,-51,-58,134,-9,-75,157,134,-122,140,84,154,63,176,-187,-103,37,-15,110,2,-174,-88,-198,-36,170,-41,-9,7,179,-143,-194,-122,170,66,-75,-177,107,-62,-62,-167,85,-108,-32,23,50,176,-28,141,32,163,-132,-69,-130,-179,80,187,99,69,113,178,48,-21,-68,189,-25,-118,-45,93,108,-105,-3,-150,49,155,177,192,139,-59
13,-94,-112,-192,37,-160,-3,14,109,16,147,60,-50,167,-142,-134,103,26,-59,182,91,-24,86,-133,179,-18,139,-146,178,148,140,124,102,126,91,-81,-183,-38,-173,85,-198,85,-132,11,18,-71,17,-106,29,191,-198,134,-75,44,117,-86,-73,159,-111,167,-28,-122,27,95,-36,118,-141,-78,43,-22,39,13,32,-136,168,113,-10,-54,58,-195,116,-82,117,-50,170,-103,130,-36,-165,193,138,-162,-19,68,-16,-191,-140,-16,-159,-130
25,-148,-179,50,-124,-41,-74,-63,43,115,-186,-88,26,-197,183,-187,64,-146,67,47,143,-115,-99,-9,57,153,53,-22,147,-44,145,112,-88,-34,-79,95,-89,173,32,178,44,77,-33,-132,16,-134,50,-79,45,-133,98,136,-41,188,147,189,-137,129,-28,-94,140,131,42,-41,-99,101,-181,23,-79,199,-112,198,-9,-180,-39,93,112,-82,157,147,129,14,139,-151,-116,29,91,154,3,193,-60,138,42,16,162,131,-170,-12,-165,-174
-182,-65,126,172,91,-89,182,178,132,142,105,182,88,-174,81,-127,-145,163,6,-112,128,-132,16,-199,-170,-31,73,-93,-78,123,135,164,-25,-31,-5,-135,-183,-6,-29,-145,130,133,170,48,-116,148,-129,85,28,-188,-89,35,62,-125,47,-134,181,-51,-58,-63,-131,46,128,52,117,170,-96,130,2,39,-164,33,139,63,15,28,173,64,-170,-38,-174,141,-153,37,14,-81,177,-186,-145,-157,-185,-76,175,149,173,40,-107,37,157,-108
-82,-118,-63,161,-51,-95,138,0,-160,-120,196,-155,-20,-107,148,-116,9,54,-125,199,-149,-182,-29,-5,37,73,-37,-82,-62,-196,100,59,-140,-52,122,-56,-165,-194,194,0,-143,-70,-130,-77,-110,-22,-59,-23,-97,84,162,-78,138,-77,-121,-145,-23,-172,-164,189,7,188,-156,45,97,108,179,18,50,-53,153,172,167,-58,178,-182,179,-188,-54,-119,46,119,46,75,50,18,-197,-108,-170,-161,76,-54,-162,-12,-73,-143,21,-121,69,67
182,25,-185,20,-137,-137,-115,-55,121,-187,-192,-195,41,69,166,32,50,-38,195,-180,68,147,-135,-59,174,-46,-29,124,-18,130,-181,172,-27,172,-31,-128,85,-118,162,-103,189,107,-49,101,-159,126,-24,-183,133,14,-60,96,180,-115,-9,141,-105,-96,-148,37,43,148,143,-116,-158,-21,197,-144,189,120,-194,82,117,199,122,-129,-142,-198,173,-66,149,93,-26,-35,-17,-108,-3,-6,54,43,-164,-143,-23,180,-198,49,20,-140,-183,120
-31,28,-131,29,-52,-35,25,-129,7,172,198,97,195,168,43,-32,87,181,-135,-2,41,177,100,-179,-3,-158,-68,-42,18,-180,-150,-159,44,-198,173,73,110,33,162,197,-64,138,14,-58,-37,90,-108,-40,-111,-80,-44,-190,110,-11,155,120,-156,150,-120,177,62,101,-200,-63,111,12,-110,-50,59,38,-107,-123,-137,-53,-42,79,96,-200,-117,111,149,-62,-173,72,126,189,-158,66,6,-139,-11,107,-141,-183,161,-89,-182,-99,-151,18
-58,-122,20,-84,3,-134,-31,-28,-126,89,30,157,-129,-84,-59,-96,-11,-83,136,-102,16,-96,188,-21,65,-53,-181,-116,-119,-190,-114,-173,17,-38,-134,179,155,-48,177,96,81,-92,-168,34,-182,-41,-137,-180,-199,69,-174,183,51,1,-3,154,-14,161,-55,-131,86,-66,-61,174,86,-117,-181,132,69,-183,-16,-66,70,153,-149,-193,-81,-102,42,-74,119,154,61,37,55,14,188,18,163,12,55,-104,-40,29,104,151,-176,110,-42,-25
-112,91,73,43,-101,145,-193,-107,-148,-126,-194,-64,81,64,39,-136,17,107,-193,-101,10,-61,-191,-16,-180,94,172,-53,98,150,-19,119,59,110,-46,-175,-90,155,-10,87,-138,-131,151,155,126,-70,34,97,-155,-38,-174,-186,-184,-43,-4,112,19,-57,105,-41,101,-119,-133,-41,-56,168,126,8,6,200,195,-149,148,124,76,-96,102,-24,82,41,181,-140,153,30,-70,63,163,-167,-165,-13,82,157,156,-136,-108,17,-86,154,159,64
31,196,-134,-27,55,-97,81,-141,-71,-60,18,-19,9,91,197,-140,-5,-198,30,77,-78,27,-102,-179,151,-158,126,-24,94,-77,121,110,-151,110,186,-9,-104,80,25,168,-91,86,-124,81,-101,-183,33,-196,-106,-148,179,161,129,-141,-113,-110,-103,-139,67,-27,-30,11,44,2,187,73,104,-194,35,-183,5,-53,-13,54,-193,149,-44,135,-32,10,168,-194,-181,154,-155,180,-150,-105,-85,-58,110,22,188,-142,-54,-158,-141,-53,130,-145
-185,195,34,-11,-106,-146,129,-48,-76,-121,142,-171,137,14,-54,156,41,148,167,52,-166,-182,-74,21,-35,128,56,-155,-59,-37,-178,-6,-179,-170,-197,-94,57,28,157,-109,87,124,-76,106,91,-3,-26,-129,-39,-118,-16,-92,-36,136,-27,178,106,95,118,67,-40,-78,-32,133,-199,178,83,61,-86,33,11,8,-95,-86,120,-174,-118,-102,179,53,-156,124,35,-98,-162,-12,42,-140,-148,103,-166,106,185,197,-65,163,-110,-156,-71,65
-57,-83,-70,14,60,161,-73,46,17,3,109,-171,-67,-122,1,-130,-121,157,-98,-170,-27,131,-98,-98,128,-72,29,-196,69,-75,-106,-100,-88,147,123,195,194,169,0,180,198,51,-57,-121,165,-191,-120,174,76,-172,103,165,-192,98,-27,49,129,-83,160,59,64,-180,28,-37,-44,-144,-193,-182,3,-3,67,-156,-88,-110,-138,-58,6,195,-58,152,-66,-2,118,-3,-175,70,33,1,103,-84,147,-61,64,150,-131,35,186,139,-90,-177
60,-60,113,44,107,30,-14,-117,120,172,-83,-38,-143,146,118,31,-56,16,-110,-165,-154,38,-34,13,53,151,-179,136,-39,78,-115,192,0,0,169,179,112,-40,-106,-170,35,139,168,-8,169,-21,159,-199,-109,156,199,-110,153,22,-138,-143,-29,48,7,30,58,169,-175,-78,-70,-139,-151,-66,80,136,22,-109,-189,-5,-165,200,-82,127,-43,149,-19,-51,-38,-22,-181,-167,167,156,62,57,-85,198,-149,-98,-92,64,-32,-181,198,-105
90,-181,-163,-104,94,45,-16,38,85,166,147,-89,178,-23,148,-26,153,-170,111,-200,-1,-92,64,5,-169,64,127,-85,-95,62,25,-174,-16,182,122,-21,142,58,146,73,69,122,180,141,169,-68,173,196,95,147,68,-132,-46,110,158,-69,80,-52,15,-50,-132,-21,-107,-116,122,76,67,-105,-86,153,-195,-100,-23,45,8,64,-174,93,188,-194,-50,146,-134,-70,82,-71,118,72,127,-153,4,-137,90,14,-91,-107,141,184,-109,143
-72,-113,-62,199,190,-134,87,60,-137,-179,-8,-58,-88,-138,-16,179,-21,-135,-96,146,127,139,91,-93,52,112,-121,-44,-91,70,192,-127,-40,-133,78,-124,198,27,-16,-152,-147,133,-146,-90,10,143,-110,-167,-199,150,36,78,-145,-91,-28,163,-88,-169,48,124,168,-147,87,194,77,-165,73,133,-66,149,-37,-100,126,161,27,-143,-154,-23,185,-42,47,-73,49,12,70,-185,-168,-142,-183,68,196,13,-22,-148,-148,-3,-2,-9,-128,112
82,58,-162,181,139,-158,-105,-92,-49,3,30,94,134,-76,-181,196,50,166,168,163,-68,-38,118,22,-179,192,159,115,107,-173,56,-8,14,83,102,79,190,-69,-53,-199,107,92,102,-121,89,-177,196,-118,141,153,113,-54,122,95,3,139,-153,107,-191,-85,-80,-178,92,197,30,-13,-28,19,-50,188,184,-71,173,194,-1,27,-52,-143,174,-28,-65,96,68,-136,-62,83,28,-70,4,-22,-48,-129,67,161,25,-107,19,-27,-124,28
135,-95,16,-48,19,38,83,-61,-35,122,-73,14,-52,-108,-6,-102,182,-193,-179,-32,-183,-133,-192,178,-122,164,179,16,-65,167,17,-45,10,157,36,158,173,-62,7,67,-122,175,-90,-64,-196,-129,-186,107,-99,57,42,49,-45,22,-185,55,-132,53,177,-106,-53,-110,137,-6,-174,-114,-54,-12,-167,-70,107,88,-48,17,105,-17,-174,41,-53,-4,78,-23,147,-130,196,-114,194,-21,-139,-196,145,-154,161,-11,-89,131,-68,177,-39,25
196,-87,130,-179,101,62,-92,184,66,66,-129,-200,-35,62,-115,-51,-161,-195,-181,21,-98,-70,-76,5,-118,94,-37,-175,98,-91,-169,120,3,47,-110,-43,-5,51,-144,36,113,-70,-192,-176,27,161,121,118,134,-107,-25,-65,-69,124,-147,49,-26,151,-134,14,2,-97,-16,176,-175,192,-13,-200,-50,46,-76,119,95,100,32,36,-91,128,-11,-11,-178,150,-134,-35,-102,-170,-133,153,120,144,168,-85,-78,-46,26,-121,-84,118,35,78
145,161,18,125,183,87,-35,106,69,-36,-79,-149,-69,-151,112,85,169,-162,-148,110,-93,-7,67,101,67,-21,133,109,-197,196,36,-23,-162,122,121,-193,98,-100,-142,-45,191,30,-151,35,62,-121,-173,41,-124,200,-162,-113,171,152,-27,-113,42,119,113,105,190,146,133,-147,-145,-175,148,32,105,-134,-3,-29,-14,199,-21,-154,139,-73,111,-22,154,-77,-110,-11,-72,173,175,124,159,-33,-27,-67,-172,30,112,-97,16,-189,163,99
118,145,31,-17,189,92,18,-199,-146,160,52,-40,-4,-154,-66,25,198,-189,-106,100,-188,179,97,-60,188,64,41,-92,-124,-81,-102,75,-52,-153,-129,168,127,-192,113,56,118,-191,160,134,189,76,-195,24,-158,-151,45,130,181,-163,-16,152,12,38,-51,32,-127,26,-87,-149,101,98,115,-83,45,-189,59,-33,115,17,-1,174,-85,-29,128,-46,114,147,128,-111,-99,76,135,131,-32,117,-33,-192,105,-182,147,59,-145,-29,87,-167
197,-105,62,28,81,37,118,12,148,-71,-96,-179,-100,-123,-160,25,170,156,19,-180,-17,47,-15,-120,52,-59,14,-108,-5,-161,-130,77,84,0,11,-137,23,-172,152,171,-55,90,181,29,91,-79,15,64,-27,-156,-6,23,-73,-68,-175,104,-30,-18,127,140,-39,135,166,189,-73,1,13,143,-152,-96,-177,-174,-66,-58,59,-73,122,68,-96,44,-196,133,130,199,180,78,194,-113,8,-4,139,142,-78,151,-65,128,-193,-44,-148,55
189,-146,170,154,9,-78,115,138,-136,-194,27,33,-184,-172,121,179,-160,191,59,-113,82,141,-140,-76,-163,-126,14,63,88,126,14,-90,128,-59,-85,180,8,-57,-197,-131,133,81,-165,-103,-102,-14,-140,140,-20,196,-40,-19,-175,31,-98,177,-97,-24,-159,-73,182,-63,34,56,-57,-30,0,113,106,-56,-100,52,-133,199,108,-196,132,-177,78,-184,-38,-92,-79,29,-33,52,73,130,-58,-4,11,-123,173,-152,132,69,-75,-165,169,192
163,87,-120,-59,181,-123,150,71,-52,-13,79,92,83,-64,-188,-11,-86,166,-161,90,-1,162,-124,-81,127,-197,-106,-11,-45,-42,-153,16,141,132,-158,87,-195,-71,-103,-3,-167,95,2,-114,0,93,193,65,43,-136,-137,105,-138,-99,154,136,-131,123,-69,14,96,-177,139,-157,114,-28,70,56,-19,133,-1,-177,-110,5,-199,-155,101,79,78,-142,-74,11,-185,-85,-112,86,-133,-91,-119,177,-37,193,-161,-30,-74,-30,-138,-109,-174,141
-17,-181,100,45,47,157,-18,-150,-160,30,70,124,-109,98,4,144,-124,194,-163,-90,-72,-93,-130,191,104,-51,-148,-94,137,31,-149,42,-197,-35,-156,-25,-163,126,71,-10,192,10,53,76,69,-177,-137,-180,33,-152,140,-113,-106,44,57,-65,100,-77,-197,-158,77,114,-152,-127,-60,-18,16,127,5,197,-177,-90,188,-158,-161,-91,26,103,-121,-183,-14,89,-79,-184,142,-8,36,-69,-146,48,118,164,-28,-62,116,-132,-2,27,106,64
166,-164,-145,23,154,-110,184,-58,140,-144,-93,-157,73,-86,-4,50,2,66,-59,-159,24,168,197,55,172,61,-16,-60,-159,31,-127,-53,-149,-35,-198,111,16,-135,103,79,21,-178,-29,-143,187,-185,110,64,-9,-146,-54,-103,166,170,-10,-10,-73,-65,-197,-70,-96,-115,-150,138,-112,-89,128,-197,-54,-159,145,54,133,-35,192,-105,87,-77,-154,-66,128,117,-122,28,197,86,15,-17,67,91,56,38,127,-126,-20,146,55,-131,10,-77
136,-73,40,-193,123,71,74,-60,42,46,115,-117,-145,-176,-31,11,21,-163,-96,-104,-125,70,3,-125,-145,-117,31,-33,-25,-105,16,-180,-181,177,-170,-192,17,-91,-103,108,141,-60,50,-114,145,96,-108,-188,172,159,-174,36,138,-21,-103,-9,-74,12,-56,-41,-164,-135,194,-137,-116,2,-178,36,-140,-110,-163,-78,-56,68,-125,118,135,-185,-108,-161,135,-31,114,-167,-169,122,-107,171,-89,-99,137,2,23,195,-13,-164,197,-199,35,-174
137,154,79,-146,116,-170,-101,-30,82,-134,126,38,167,28,-16,-131,41,85,118,-99,18,41,67,75,-81,47,0,-116,-81,114,-99,0,162,-34,198,-54,195,125,132,80,-1,56,78,-33,-167,-97,-190,-91,-116,171,93,147,-137,40,102,13,-10,-177,-171,-143,114,130,77,-86,-6,24,-109,-133,-157,-121,-32,-197,-172,82,-45,200,127,-146,165,178,-78,145,97,-195,-73,122,46,-194,166,-1,-117,-136,-51,-97,55,-75,198,-150,-143,-34
-137,-171,84,53,188,51,-110,-93,-25,122,-23,-47,-189,-112,-148,4,-24,33,-73,13,-5,-137,-126,-136,-94,-148,-94,-92,108,100,157,-32,137,-199,-65,81,171,-9,-1,87,27,-93,112,-134,-101,150,-130,2,-170,-92,77,-174,-89,-93,-160,-173,74,143,-179,136,-24,-152,41,-173,52,131,-103,-99,-9,-125,-160,-4,4,128,-112,-142,49,132,-194,55,-84,26,-146,131,117,104,86,157,190,174,66,-42,16,118,-30,171,133,139,170,-30
-109,-65,-46,-67,185,28,175,54,-9,95,-52,-182,-129,130,175,183,166,-172,137,-154,-112,-9,187,98,58,-17,-106,48,-161,182,56,80,108,-12,-37,-35,-200,194,166,178,-194,144,120,91,-58,-170,-75,-155,-168,115,195,192,-8,106,-144,1,166,42,-100,162,146,-155,-72,-15,-110,-163,-53,174,128,-126,-55,-166,25,-155,105,35,-68,183,23,48,50,46,-42,56,109,-123,-41,64,-75,62,117,-124,-184,-28,-146,84,196,104,-197,-191
-64,-3,12,39,15,129,149,44,-184,158,-107,-158,-128,47,133,115,45,-44,94,26,-95,-128,194,69,-194,155,-187,118,132,-197,65,154,50,15,145,-141,169,-40,-173,-30,137,179,63,-5,-150,-60,-150,24,165,-88,189,-156,29,147,67,-101,150,178,15,-87,-139,196,-95,-15,-152,108,-68,83,-60,-4,-25,70,-90,31,-90,91,-165,32,169,-32,135,74,171,64,110,170,140,-186,-153,152,62,189,-176,-4,-72,-18,129,44,-130,28
192,68,24,-84,176,190,79,89,-113,-161,187,46,-112,-14,166,155,42,-167,-60,-113,-116,-115,125,36,95,95,-181,-196,-17,-37,-8,48,121,126,8,52,168,73,-69,42,-143,-65,153,8,190,-151,-26,168,50,-85,-85,124,67,192,-176,114,-116,-31,-162,-55,-168,-55,-124,50,-75,-119,130,180,52,198,-12,58,95,186,-83,92,1,-86,-153,-75,57,16,-65,-77,42,21,-3,123,-97,-18,-1,-95,-26,120,-145,-177,-146,-196,54,75
-145,-72,76,176,132,109,170,-1,135,-12,186,17,149,-44,51,24,-172,162,163,-140,-107,-7,-59,-199,37,49,59,-113,113,6,20,-4,-173,170,128,-39,143,113,169,-194,186,-146,46,88,-150,69,-82,-30,132,193,-119,-88,-161,109,198,167,-90,117,-15,168,-6,10,-157,-139,-111,-169,40,-116,-174,64,-115,-151,-126,148,185,-162,-161,159,72,-93,100,137,195,54,73,158,159,47,188,-72,-123,123,-96,127,-54,-74,-24,39,155,-50
200,115,-1,184,192,147,144,92,-83,-137,-126,175,-167,58,148,-11,156,95,37,135,92,65,-107,180,67,-54,-32,194,-198,-41,188,176,78,-143,-125,-170,-46,-105,36,-148,8,128,-162,-129,163,-103,12,-56,-164,-45,4,-179,-173,83,-30,121,31,-113,-31,176,-116,122,81,-23,-160,190,66,54,122,-77,-132,135,-199,33,58,-93,156,169,74,135,-101,9,-130,79,141,-135,110,-45,-143,172,139,41,26,-189,41,45,-173,200,192,46
-99,153,111,-134,-17,171,17,37,-12,63,-17,-5,133,135,-46,-32,-78,118,58,54,-110,45,190,-179,-45,16,-91,8,127,-182,-89,200,90,79,139,22,92,-183,-91,-127,109,165,195,-163,115,-38,-189,-82,197,-177,178,-97,54,-149,-137,-103,-199,140,153,156,183,-111,188,-196,124,24,200,-31,-14,-56,-172,-20,97,43,-112,166,-11,48,146,191,-167,115,138,184,-165,-195,23,198,-67,183,-76,-77,-191,179,55,-43,159,-101,-49,-45
-3,189,129,-147,7,118,41,93,-46,50,159,59,-14,-55,-197,15,-188,-51,4,17,112,73,-70,197,-149,58,156,-55,118,-100,-33,-25,144,-40,-58,89,73,83,-88,-143,-99,-85,65,-179,-54,152,-31,86,176,182,143,106,162,-102,-66,8,-163,-135,151,70,-53,-165,-122,180,-24,192,-183,-198,183,-105,13,-114,-139,-166,-188,103,-131,183,47,-166,-196,-139,75,-115,21,-1,124,-49,-30,-79,-121,155,166,-167,-78,-134,167,-92,-126,-146
132,41,141,-71,-9,128,-13,-43,95,61,61,117,123,11,60,35,-172,-35,153,-125,-156,183,178,80,184,98,26,-83,51,169,7,41,2,59,4,-110,-21,-88,-135,194,-184,-55,-39,72,-149,28,-186,158,60,44,-55,-171,188,89,-20,-28,53,96,-14,89,-96,115,-34,-122,85,-111,150,22,-22,-70,138,-154,43,158,-89,-135,-27,139,-90,-5,-181,-169,20,-143,169,-152,-131,73,182,-190,140,148,44,-20,10,-189,-181,131,152,-6
113,77,-66,3,100,126,-86,-105,35,-75,59,90,2,-167,-34,31,28,183,-196,141,-43,-148,-88,159,83,103,-93,-66,-146,-30,-200,141,122,-107,81,44,-39,-16,96,-102,55,139,-32,-150,129,-190,78,82,-114,4,200,-71,49,-117,-99,-73,-180,-147,115,15,-111,-131,-123,-86,-180,31,-173,190,124,115,115,-109,-171,-67,-173,-159,14,183,182,16,-128,-4,-186,-62,144,-31,-69,-133,-163,74,188,140,70,-172,-82,151,-7,-197,-142,-61
132,-86,-195,132,176,-166,16,-126,186,-159,192,-32,-165,-129,38,143,74,-71,195,-76,93,168,149,183,-30,-178,-4,-109,86,-175,22,130,93,-7,73,-59,-77,-133,-161,158,39,-136,-25,131,-141,-74,-172,152,-178,-148,6,56,167,-175,-128,140,-158,-30,-181,-116,-113,-64,-82,94,-72,-20,-158,-150,-104,126,172,-156,-52,-109,-121,-134,154,104,-185,-126,150,83,139,-191,-108,-183,190,162,-166,64,-190,-43,59,-1,19,189,-93,-105,168,56
134,-181,42,111,23,198,123,71,-102,-68,41,-23,102,-38,100,121,-91,131,-137,184,120,185,-28,-193,-132,-99,-181,181,-161,-59,-87,27,-172,-70,-197,-175,58,118,-193,-156,21,69,-74,-175,115,85,158,-135,-167,110,41,16,119,-139,81,88,86,-169,47,84,-158,103,-53,-11,-73,146,-135,17,121,-15,51,28,-31,1,-145,26,-103,65,75,-109,-28,-12,-40,122,162,-56,-152,156,12,98,126,-157,-14,173,140,-110,0,66,-186,129
-48,172,-93,78,-43,180,40,-186,-42,-42,48,-40,92,141,-83,-177,-41,41,13,-36,-37,178,175,2,-154,122,-96,-51,33,-72,-81,156,59,-135,-145,-153,165,49,-126,149,43,-65,192,10,144,110,-158,64,116,121,63,125,-160,-41,-79,104,-11,-21,131,47,179,180,87,-59,91,-97,-152,-43,23,-49,-59,158,-178,-57,-47,117,132,-35,-85,102,-103,181,-134,115,105,-178,78,155,-67,-168,-191,-114,-79,63,-50,41,37,-150,55,-159
117,100,-7,134,-176,149,120,-162,-32,74,-34,37,147,-95,-139,15,2,-39,0,-135,61,-51,27,25,-187,154,56,-71,43,-104,11,-142,35,23,-162,-40,-64,-122,141,112,-152,74,-9,-86,-61,-131,181,-168,88,78,-65,154,-17,34,105,-155,42,-98,-152,-57,37,200,55,-124,98,60,167,8,109,-29,-61,114,-134,40,-14,72,-57,-69,148,14,-140,157,-141,-153,30,-177,25,-101,-137,118,-148,187,-177,151,122,-47,-197,1,145,42
-113,-160,121,159,-168,41,57,-145,-107,-34,61,-98,-191,-175,-86,47,-56,-186,-24,51,190,-163,-99,73,-160,-78,-101,69,74,-117,3,8,-100,-53,-166,8,-157,-55,-38,-160,86,-28,122,183,-165,52,166,173,-165,-117,-140,-87,-28,2,138,81,170,31,41,100,140,-152,191,147,88,77,-31,-155,-9,-30,-191,27,98,-135,-36,-106,-143,138,91,189,-144,-116,-161,-66,46,25,-60,-50,75,1,-175,29,64,-118,169,-77,72,-28,-195,112
-49,-43,-181,-63,-184,-11,26,-111,-24,-153,-93,64,108,-33,-52,55,153,75,177,104,-187,55,65,-90,-64,179,-99,-193,-1,0,5,87,180,56,28,-14,17,182,-68,56,137,96,94,29,-171,62,177,-2,80,-169,155,-155,-133,107,-180,-118,126,23,2,69,-67,160,69,181,129,173,171,-144,-160,170,-73,-4,124,-18,74,-61,-64,17,-44,145,-171,100,85,-143,-101,-157,48,83,-73,152,16,40,17,127,84,150,-193,-183,181,10
84,-92,8,-72,80,-48,8,0,-171,122,30,182,166,-94,91,-111,166,75,174,-27,-27,101,-141,68,-17,84,-61,188,40,-94,195,-73,-107,68,50,-183,70,88,15,162,1,-47,-184,195,97,57,-53,-136,41,178,-17,114,117,3,171,-14,-99,145,98,45,39,-49,-24,-14,-84,77,-128,23,93,-144,-174,171,-192,-111,86,155,-120,-1,148,-19,-14,-25,22,124,86,98,-98,-72,-97,176,-196,90,-146,-199,-87,-3,86,-68,-37,32
5,20,103,10,-120,-142,-80,111,-3,-119,32,-197,-150,-107,124,-58,-172,32,193,-192,71,-6,-106,-126,-42,-126,-135,-76,-115,-193,-88,-129,178,-128,-180,133,-68,-121,-147,196,56,-53,27,-144,-8,-82,-89,-28,98,-33,-181,-96,-57,102,-42,-73,-91,135,-16,184,-56,153,100,176,-36,-167,139,-175,-104,-151,91,101,-164,-95,66,-81,50,-12,122,-29,154,-167,12,-182,5,197,13,-50,142,53,9,30,18,119,90,157,107,77,91,-87
-168,-185,139,-181,-39,34,-28,61,191,-32,165,-172,170,-186,132,104,167,-91,35,112,7,33,2,186,48,197,144,51,143,44,-170,153,-106,15,-84,-89,20,30,-97,-109,-99,124,6,-75,-192,95,-106,33,150,-19,-161,-135,191,101,-59,78,90,-164,-9,86,152,-44,115,-161,11,-123,193,179,11,196,-194,-107,11,-109,-66,70,165,-91,33,-194,-134,136,-53,142,166,131,-55,65,-69,-186,58,-17,129,35,94,-33,-19,-88,81,-24
-160,-100,173,144,187,103,-183,169,192,-4,189,90,194,-1,56,77,192,-97,102,-54,-112,48,-102,182,65,9,194,18,121,-157,4,-140,196,-176,-33,93,83,60,67,60,59,-173,-14,107,175,15,34,-115,-60,131,-29,12,-169,115,-122,-84,17,-90,-137,-192,141,-90,-51,-8,101,-190,171,30,28,-1,-17,-53,176,-97,-79,94,184,-160,69,126,176,-5,188,-12,108,-72,-42,-127,-36,180,117,-176,-165,-7,1,118,125,-3,-78,31
26,71,146,-186,-101,-142,52,-62,127,140,-99,-129,-139,-105,-143,-2,158,-75,40,3,173,-146,-100,12,-3,121,199,57,-140,41,50,103,173,-81,-89,181,73,138,110,186,18,-57,24,69,-130,-79,-102,-183,109,-110,-1,-6,150,-31,99,51,75,141,-79,-71,13,-186,24,-3,48,55,145,-68,51,-194,-30,-117,163,94,-191,-139,176,171,-105,64,-193,153,192,-163,-66,-94,60,-184,-86,-183,129,-185,28,109,68,-102,47,-40,-58,151
-200,-117,190,-42,-25,10,159,-36,-55,-131,155,190,-96,25,96,-128,135,-102,-189,74,139,-182,-21,133,-96,59,-128,191,111,122,-27,-150,47,166,11,-18,-189,56,65,-43,58,-58,-110,-124,44,-123,123,33,0,-159,-99,-134,-13,-172,127,-126,-188,170,-33,-112,20,64,-61,-177,-175,20,74,-80,-128,-186,-179,-200,76,19,-95,38,110,-26,17,187,115,60,-124,46,97,137,132,150,80,187,23,-81,134,-176,-13,71,-110,-2,-191,38
-26,185,151,-69,198,-108,-107,157,-153,185,1,163,-148,-136,-154,-116,77,85,-17,-143,-190,88,-45,130,-181,190,97,-38,164,74,180,7,187,191,-178,33,140,-106,-109,17,110,-130,43,-60,73,-155,-28,149,2,-99,-43,76,-110,26,84,28,146,-63,-189,102,196,188,-95,-150,-132,-189,193,170,76,81,185,59,74,-109,-97,141,193,19,187,-27,117,-188,-37,176,-126,82,161,31,-6,7,43,-167,-104,-131,-114,-75,-24,29,32,-156
140,-130,176,82,145,-172,-200,-196,57,125,191,-49,-195,-61,192,-174,146,-161,-138,-34,22,-57,-61,-46,120,34,126,168,-187,-70,67,-104,-129,-193,-70,77,-178,-95,-17,-167,-76,139,-9,142,-95,-52,176,36,44,-80,113,-185,-147,11,-160,-93,-71,179,45,-40,58,4,27,159,-108,98,-58,-122,174,-27,-46,-184,188,-185,-132,100,181,22,-68,-107,31,173,-94,-146,-103,136,54,-52,-60,2,124,196,144,4,156,36,127,-158,-166,-107
149,-34,-7,142,87,12,198,149,-190,-186,92,56,45,-197,-127,36,87,-117,-199,-129,-199,-143,171,-124,28,-138,129,5,-101,51,-180,70,13,94,96,-80,16,168,40,-122,93,83,6,28,-86,-174,-131,-30,-99,-4,-132,152,-68,131,-109,53,-172,-36,-2,138,9,22,-122,-69,181,-181,-135,-4,-29,190,-46,194,-167,-115,65,-40,-65,3,-19,80,-153,91,109,71,25,-1,10,-129,-147,36,140,51,25,-124,110,-66,166,-71,-144,192
104,-10,97,92,-23,7,-98,-60,58,193,-153,74,178,-25,184,-79,118,-59,-91,-94,173,-138,-154,-172,93,60,170,-160,-48,-100,-65,-69,-168,172,-75,-179,119,-187,-17,105,0,-152,177,-89,172,-197,83,-80,-17,-116,-67,-85,-12,-142,157,36,60,119,73,61,-79,196,-70,-103,-35,94,-199,-196,-141,-118,137,122,-11,-143,16,71,-191,199,18,-145,104,112,189,-68,142,80,145,24,183,-84,-64,-155,-41,193,-64,85,-12,-57,-51,-142
-74,-82,-146,-69,-25,-7,140,113,-36,-38,117,1,-35,71,-169,167,52,111,83,75,-166,-155,-78,96,-78,102,184,23,-53,64,21,13,191,103,138,-51,-172,187,-71,106,129,-35,-157,-57,157,166,133,-118,97,-133,-174,-26,93,-192,181,-87,-52,-69,102,-38,-24,159,144,96,12,8,120,23,-137,101,-52,56,200,17,-119,-110,79,49,34,-64,-99,-198,192,-10,93,-54,134,-116,51,-13,38,10,-196,176,151,43,54,-93,-200,183
-173,-135,121,64,-145,-37,105,-123,-89,49,-59,134,-136,32,-152,-101,-187,-176,33,81,-130,-41,-24,103,23,-161,43,191,-140,-96,-141,-162,112,108,195,-75,9,-131,-141,-104,179,39,-20,-182,166,81,61,96,91,-34,162,100,52,161,49,-191,-22,193,-135,-193,109,-77,-66,-185,49,-19,-22,149,69,85,-92,-97,42,-199,128,193,11,152,35,53,-179,-80,145,137,145,29,-137,-194,162,83,-115,185,172,24,-155,-119,-187,-185,105,-109
34,83,7,200,-178,-196,-38,158,-49,-106,191,194,-180,186,66,6,160,66,-160,-140,198,9,-19,-29,-55,193,-151,157,-76,-183,-179,-133,96,-192,21,-23,-75,26,48,-151,127,-52,104,-4,-157,-34,-44,157,-62,67,-117,90,-130,30,141,-61,-111,-180,-157,73,-31,-42,-175,23,-98,-123,114,-42,-45,155,131,52,-108,-82,-14,-68,-19,-69,170,34,-184,162,3,6,195,-123,-159,-65,116,185,-151,185,154,192,59,-121,-184,-106,-149,121
-121,-79,165,-148,-18,-87,180,113,172,13,-108,-159,44,92,-52,123,72,194,37,180,21,117,162,163,173,149,-23,-114,-90,133,-169,-153,-109,165,-152,-32,174,102,25,0,-147,200,138,-196,139,-75,145,-112,159,1,-132,-123,-153,-57,-89,19,-197,95,-167,-38,-6,157,-197,110,-84,-40,66,86,-105,56,-30,-190,158,53,24,-155,52,-10,-170,-156,42,-52,-198,-70,-174,-98,-175,-118,80,114,87,31,85,-193,59,79,-74,110,-127,-165
-134,-130,29,-145,53,182,-100,52,-48,-88,-176,108,-48,-169,-191,-2,-15,21,121,-196,-191,31,145,199,151,124,-65,55,-104,78,-43,-80,131,-127,-168,21,-20,62,-69,-158,157,-50,-23,101,-169,152,73,11,95,16,70,60,80,80,-144,-140,80,150,-188,125,72,-113,85,178,-59,-22,147,-91,-6,-175,-49,63,-29,-141,84,3,67,28,136,-27,5,-197,-53,69,129,166,-69,21,97,92,-133,-75,-95,-32,114,-131,196,40,196,167
185,10,-6,-104,96,19,-141,-164,-140,-132,-147,-177,-139,-175,186,120,12,-176,81,-198,-197,-40,89,-173,85,-168,30,-164,-160,-132,-30,74,-93,-38,11,11,2,-113,-97,-154,-135,168,-188,102,-72,-68,58,109,-70,-149,81,134,48,-148,138,-133,-19,133,-111,170,99,-172,-166,-129,190,-194,60,177,-16,131,110,13,-100,12,109,-97,-132,-80,95,54,198,100,45,45,-57,-30,65,-56,192,153,-159,155,95,160,-80,75,22,-39,148,-20
196,-114,69,62,105,-45,37,72,-169,-84,-141,136,36,-160,39,-71,95,-145,153,-199,-196,-120,180,61,-120,131,27,89,155,-66,25,164,41,-31,-25,104,-113,-157,43,18,-124,-161,166,-93,82,-135,148,104,-116,154,-147,-99,-119,-97,2,-128,-171,165,-157,-104,150,-161,-185,-139,17,-113,-185,-96,-113,41,-6,-153,144,176,80,-46,155,87,12,-26,-61,-54,75,-13,173,-66,28,-3,82,-120,87,65,-129,-140,-160,-122,63,-117,40,172
-4,118,154,127,34,177,-123,78,-115,14,-195,-120,-154,-125,193,23,116,-152,111,16,-59,-108,-13,160,63,67,188,-19,-65,-180,192,40,54,42,-71,-21,147,-67,99,-66,60,64,-171,-124,75,-143,67,167,178,-85,64,8,-184,89,107,-126,-127,21,-109,-82,-6,112,115,-15,146,-159,-17,-147,-96,-180,70,99,172,-146,0,114,98,180,-142,110,-113,-143,197,-150,166,145,-167,-85,187,-108,-143,154,191,95,-82,17,-5,103,-151,162
-102,167,39,21,172,117,199,-100,16,165,-155,-65,-107,-29,-92,-197,27,-49,48,-116,-136,191,-118,-124,138,-39,109,112,-188,-7,-170,-9,186,-171,115,-195,-85,-3,102,-46,164,-18,71,9,-55,-140,-92,-7,7,-95,5,-31,-135,-112,-23,-40,172,50,-125,-16,118,137,-122,160,-198,175,102,-158,-123,-150,122,23,52,-59,-146,50,-62,-6,-64,-131,-139,-102,-11,167,-39,-150,7,36,179,-60,17,27,139,-12,34,-58,-195,71,-66,-199
-84,-187,93,-197,-54,76,-35,-145,43,-57,-174,23,142,-138,189,-188,173,118,-197,-13,22,-184,124,-196,-39,99,-75,8,-114,135,-63,-121,106,-136,195,94,-133,136,180,62,163,184,0,18,120,-167,-175,-17,-32,8,-99,-117,-155,-162,-163,165,-35,47,-102,57,0,-179,-197,-167,-45,4,43,47,-170,-141,-165,17,183,36,188,135,-38,-154,-158,-112,-137,177,142,-198,123,-73,148,-10,-125,-29,-192,28,-122,174,-69,-36,18,49,29,169
34,134,137,172,-15,-143,-173,26,131,113,-38,174,-158,131,-126,-146,-7,124,-21,-25,-166,49,-173,134,-140,-174,-73,72,-188,6,16,193,-197,155,3,-70,-26,-45,168,188,168,185,180,133,10,8,-33,200,50,27,166,65,59,-173,137,-52,149,0,-40,-152,-69,-38,-155,146,-13,182,43,188,73,-78,58,179,-136,-22,-64,-79,-17,-95,-88,-182,-138,160,2,130,-107,51,194,192,174,-191,-191,-74,42,-42,-193,-161,196,-159,111,119
-112,-50,-194,84,21,56,103,93,131,22,118,91,-53,26,50,-25,151,-63,164,-51,2,66,149,-46,150,-113,-103,53,-18,-135,199,99,-103,-119,193,-28,-84,-131,-97,-111,-7,-144,25,-95,5,140,-47,-111,154,2,-111,-122,159,-18,82,1,-49,-20,165,-200,2,24,-100,-114,-149,-79,-156,-3,-49,-141,129,80,-29,-152,-167,-113,170,-159,-54,39,-144,188,26,61,164,-56,9,-145,-164,82,195,-188,-78,-56,-197,131,78,141,106,130
23,166,54,-25,-25,-169,29,35,179,-182,-190,175,-138,70,131,183,196,16,140,-170,21,18,92,87,-22,-101,53,-110,-56,145,-77,-108,108,149,-101,118,142,191,-81,37,179,-73,62,157,4,-181,3,-92,-185,-74,-35,-113,-104,-78,-183,-140,-7,-179,196,68,40,-67,162,-99,123,92,177,170,171,74,-41,-33,185,-134,-66,-65,-171,-75,200,-4,78,158,147,-186,135,33,34,-19,-131,-123,133,-112,-34,-44,178,-149,-80,191,7,170
58,137,-44,-114,-51,27,-38,183,-199,-78,39,119,-77,-89,-20,123,-22,-114,112,66,33,93,-96,84,183,-123,-122,89,-135,54,-161,-1,-169,148,140,52,117,154,100,-128,-183,125,-107,13,-74,66,13,-59,-35,200,-110,101,138,77,-44,89,199,-60,126,96,-63,7,-71,-70,189,198,-16,-52,72,104,96,111,-14,-170,-44,-157,-72,-79,164,18,109,-148,81,-78,-72,142,49,9,-22,187,138,10,22,198,92,-112,-191,-12,29,182
22,-137,160,-124,44,13,155,0,-89,-39,181,-77,-141,143,-9,-155,84,110,-79,-51,-48,-179,158,-63,0,34,21,48,73,96,70,-190,18,-26,35,12,120,109,10,161,187,-61,36,-161,-78,-73,155,73,-76,153,-7,-36,85,-150,-6,-39,-42,5,92,-56,107,-187,-53,156,-158,84,-71,187,-71,47,-54,191,154,94,-4,59,-34,-131,-68,27,183,-187,-62,24,-103,11,189,-170,70,-193,43,11,127,-184,7,-82,-11,-107,-52,-177
5,22,186,10,-20,51,82,-137,-198,30,-162,44,146,74,167,71,-76,190,-15,102,182,8,-177,-128,113,103,-122,87,136,122,-182,63,-192,-42,-83,-134,-73,90,60,-144,-109,-143,-5,77,94,113,143,89,186,75,152,124,179,134,-26,8,-86,-161,96,196,-65,1,-93,-101,-93,-117,-196,-10,93,-79,-3,2,-14,58,-113,-147,-86,171,-12,159,-41,27,-125,-112,-116,-81,116,200,78,52,-153,1,45,-72,87,-20,138,84,190,-113
-186,-142,-100,17,-180,-80,-109,-149,143,190,167,73,79,25,78,-102,-181,-3,-58,-124,-68,-51,6,15,161,-117,-139,-148,-33,199,41,101,-7,-21,7,-122,-28,34,-72,198,-155,4,-47,66,-10,-64,-149,-150,23,-124,135,-181,199,-37,-88,28,162,-120,9,9,-121,-155,-76,-59,-88,-37,-4,-59,-165,31,169,-39,-113,-37,184,-8,104,-193,-127,-187,-157,-124,-6,-88,106,47,-140,-150,-77,-157,157,-17,-190,183,65,-85,189,47,155,-52
128,56,-75,-35,75,-129,-102,104,16,182,-86,52,25,-112,-142,98,-69,28,124,64,-3,-198,-193,65,-125,192,199,16,49,-59,-65,6,166,52,125,-97,180,-149,-102,67,-91,-78,-79,-98,85,149,-1,-163,-129,198,-79,169,-11,-74,-13,165,-78,-169,-14,-131,-195,113,174,106,165,-180,-183,41,-96,-161,108,-100,-109,-104,-72,-95,-8,-92,-175,-132,-91,159,33,-194,-138,-186,-58,-20,-173,70,55,-177,-155,-178,25,134,-199,143,-152,194
-156,195,-157,54,-109,-73,-171,195,183,40,-6,45,-71,-112,-52,-151,-35,7,45,198,101,139,-181,-80,-53,-101,127,118,-160,102,-87,-144,24,-48,-198,100,28,-157,108,-105,82,137,-138,-86,70,97,-60,98,-171,38,-97,-74,102,104,-137,2,55,87,124,-195,-22,-75,-170,51,-157,134,69,110,-103,-117,149,116,3,-16,173,46,-115,-90,2,70,-121,-158,-126,-192,177,-121,40,133,175,-153,27,35,54,-161,-197,-62,-122,-33,-29,-62
-19,-142,41,81,-76,3,-128,93,63,103,189,69,17,87,160,-65,109,-6,115,16,144,111,-104,73,105,-130,-171,157,-95,126,167,-131,65,-199,97,104,-99,-90,78,-152,-16,-197,197,-66,96,82,-180,-197,31,27,-144,146,36,108,-167,-67,-1,98,-156,129,113,6,-49,-187,-149,165,-73,-21,59,-1,-13,141,-148,-28,198,71,-82,-130,82,-167,-184,188,115,-58,157,56,-9,-175,-100,-153,14,160,-140,-23,-43,-111,180,-46,116,-13
-3,13,-9,8,-169,116,166,-49,112,-13,195,130,-50,-160,-112,-121,-196,-91,-170,98,-78,77,87,-95,145,40,184,29,-92,-138,12,-168,-74,101,-44,-120,-68,121,-156,155,-79,129,69,-173,15,-51,-82,81,177,-164,-151,39,152,-94,-72,76,-167,109,-3,18,-128,43,71,-39,157,-126,-55,-65,-16,199,-165,-152,-178,110,-27,-150,9,-82,-152,68,73,-174,-192,-186,-189,-23,175,-78,164,-110,32,-12,196,139,43,84,-98,173,-23,96
169,-36,170,-91,-54,168,89,-159,179,13,-35,-65,-97,47,44,56,108,91,-38,182,168,163,41,167,-47,37,-44,22,-91,-164,-125,5,14,70,-25,-127,-181,-147,167,-32,7,47,-77,-199,49,6,197,-178,146,-102,100,64,165,-15,114,143,61,192,-189,-167,-194,8,185,40,123,150,-75,134,93,-113,-39,187,45,105,-17,120,128,-171,199,35,176,124,-31,113,-145,132,-72,170,70,-57,-5,32,138,-148,36,90,106,-158,-9,35
-122,-143,-190,-34,52,189,128,-192,79,-88,-69,-9,82,-10,130,-63,133,40,190,-53,-12,-194,173,110,7,147,26,105,-35,-72,-55,152,-75,-169,-73,-190,-68,-29,-149,-63,180,186,-42,47,-190,103,125,-46,9,171,117,123,21,8,92,-80,-9,56,-184,-22,19,191,-160,-83,45,137,68,-136,-180,104,-67,-116,18,-122,93,176,-130,-122,-3,23,192,168,149,154,15,141,59,193,114,-148,-142,4,-8,-8,-101,148,64,-96,-58,-125
-78,91,53,177,62,45,-182,-109,4,133,-71,126,17,-198,-154,-188,103,-171,115,-38,-144,40,-47,113,-98,106,-62,-185,53,-62,-149,196,151,155,68,-73,-74,-200,-91,22,-7,-14,66,77,-113,-194,-44,-168,-58,36,-40,94,53,-25,-19,196,-19,149,12,119,66,12,171,-5,0,189,108,110,127,92,119,-24,24,-151,88,31,68,-149,-109,-118,137,-178,167,-116,53,-44,96,-161,-57,-185,53,-136,142,-12,14,13,85,-119,103,129
-139,-42,-97,-125,-165,-109,-129,185,-174,144,-52,-36,26,145,-96,-94,75,25,152,-119,190,126,-68,-168,82,-170,-198,-182,111,-41,16,-60,-32,197,-92,97,-130,134,140,-177,-109,92,111,-140,132,98,124,-191,53,-78,111,-4,103,-169,189,-92,-117,28,-130,88,-132,-135,145,-192,-196,43,169,-44,156,27,-135,83,-172,-150,192,-92,-190,-197,66,-104,135,-34,128,7,13,186,-16,-53,-145,35,-147,-93,104,148,181,76,5,-110,-82,107
194,-3,-39,-121,57,-141,-123,-180,-193,140,149,20,-39,-169,-192,56,-69,84,126,-36,-196,-154,-176,-187,-16,22,185,67,-96,28,129,-48,112,-3,-21,-88,103,-155,-151,-47,-68,-59,127,-41,109,-16,194,-109,-111,-128,-164,-185,-137,184,25,184,-41,-159,-85,-132,36,117,-94,159,-86,-35,79,-120,-96,-127,153,-65,13,167,91,-39,-5,63,110,167,-154,-39,112,-174,182,3,-52,-19,-44,149,-76,-3,95,6,-96,31,-44,61,23,55
-97,-95,61,29,-162,32,-134,128,-130,36,-60,-106,90,120,78,-10,38,-2,-29,196,157,-11,-181,194,137,148,192,-102,135,188,124,59,78,105,130,-152,-22,175,43,21,139,91,-60,8,86,-125,185,-67,28,-97,-116,-81,-194,-70,59,29,-24,63,-107,12,34,-130,-90,-40,3,-141,-75,65,162,-79,-100,27,-80,70,71,-112,-200,156,-144,-12,-178,65,99,-76,-160,-153,82,-77,-67,43,67,-63,-125,199,-26,-39,-24,-28,185,-3
-177,-122,-99,150,-128,-4,-67,-142,113,-37,-92,44,-143,53,-130,4,-106,-76,-181,101,85,-29,90,-169,17,-58,88,-2,91,114,-172,-128,-191,-43,71,-81,-44,180,5,-195,-56,135,-16,-142,12,140,-94,172,112,133,92,25,-144,154,-102,110,-42,2,-71,-12,-160,-147,40,185,25,21,194,-69,-43,89,46,98,53,-184,83,2,146,4,185,-121,157,-139,-179,-77,-91,16,-152,61,-77,193,-75,-64,-75,62,25,144,-167,-110,-41,40
-122,-28,28,83,-63,-161,-82,180,102,111,166,188,178,-145,13,20,-74,-122,63,56,-98,-127,3,48,103,130,148,-187,115,-48,178,-12,-148,24,-160,-22,-36,-89,-102,-80,129,77,-195,-9,-29,-159,175,183,-32,-137,-79,179,-12,-34,116,128,-182,-123,78,44,-107,-152,-3,163,76,-145,73,-37,130,-7,14,38,-174,-106,69,24,-112,-101,-125,120,-157,175,184,-8,-57,-148,-40,-78,-130,110,25,26,32,125,-137,-45,-140,131,89,-68
-99,-10,-158,131,21,121,-111,198,166,-36,-128,36,167,37,101,42,139,-163,26,49,188,73,35,-158,83,-95,64,66,148,-19,118,158,-178,115,131,-58,129,137,-197,-123,170,154,129,-37,-174,-197,-102,-147,-24,-122,110,190,-35,31,-120,-135,8,171,-166,11,-133,-102,-8,-9,136,-24,-6,-123,-95,-181,-89,68,-72,44,183,-95,-115,149,-170,19,-183,39,-1,7,170,-136,-113,81,-196,110,157,-59,-34,-59,183,9,129,-130,173,80
-2,-126,162,26,-83,153,-150,175,-179,-162,122,-77,-144,-91,126,172,173,-103,-121,163,-110,-124,197,117,-181,119,98,-167,0,-14,109,-17,46,-97,-83,63,106,76,-143,183,118,167,-169,129,162,165,-92,-160,117,-109,198,-84,-106,-93,-11,189,20,-16,-80,14,59,51,182,47,2,165,-103,-155,115,9,96,-67,58,72,-55,-77,66,-126,-135,-176,81,160,-46,-156,-132,-184,11,19,18,108,-177,-188,19,-91,67,56,26,75,123,-184
-38,160,3,-161,57,197,175,-50,70,-101,22,-31,148,-68,-72,-30,77,-168,112,162,90,-110,40,-31,44,-120,69,130,-42,145,159,-60,21,-93,-167,-66,-55,-194,11,51,184,-194,46,-2,64,-134,-75,-97,151,-91,79,60,-130,109,65,4,151,122,-39,160,84,92,179,-50,189,-176,7,-123,152,159,64,44,-193,46,-57,-85,172,-158,-104,53,-190,-88,107,-157,182,150,175,109,-199,-19,-29,74,71,-117,-94,97,-143,-17,-3,-173
-81,-166,-76,-35,-128,-82,33,-97,34,-56,152,-123,166,-88,71,-94,-173,173,85,-41,-165,-56,58,-24,174,145,63,75,-4,181,-17,28,-18,91,-115,17,-3,171,-67,-31,154,-112,-5,195,-128,15,57,-36,30,80,-5,-172,129,54,173,32,91,136,175,-96,-40,-90,-84,58,-68,142,-42,-17,105,-178,-197,-166,-77,-140,55,-163,-147,28,-151,-154,194,-11,9,-2,-169,167,39,-196,-177,199,-141,173,-133,127,145,-151,-25,66,-118,198
-123,35,103,-113,110,69,-152,-144,84,-55,-48,177,-33,152,-59,-43,-161,39,-160,133,-84,-193,-44,10,-191,-166,-3,115,198,150,20,100,-103,-21,160,-73,-116,88,-42,-187,182,-142,44,-88,-72,-177,-162,-34,-185,-144,-180,116,98,-163,157,-188,51,18,90,154,-40,57,-134,98,121,193,54,153,-114,197,-17,-50,185,58,15,-185,-185,178,192,-199,-56,29,-89,-38,25,-47,-120,191,200,-196,-139,191,164,-187,-3,-131,71,43,51,-196
-20,-142,-37,100,-159,157,-143,-46,191,158,102,-55,-103,-45,-103,-107,-155,-102,-7,-59,27,106,-31,-185,39,28,-92,-54,74,-36,131,74,168,-48,-91,-71,-182,-88,124,-72,-102,-21,-53,48,94,165,161,-58,-172,-89,-183,-174,-4,-170,-84,193,61,88,-2,146,137,-38,134,13,-71,-168,-28,199,-158,174,-39,20,42,-186,-94,-47,-14,-56,172,61,-145,35,5,-134,-155,-150,-77,-27,106,76,62,-198,108,62,-143,41,-92,-89,115,-79
-102,-3,119,-10,184,66,-35,76,165,-95,9,-166,-180,20,74,-82,44,35,168,-38,71,36,-96,83,24,67,159,184,38,54,-4,-65,-80,52,-65,18,31,-174,-84,-81,47,-180,-78,-122,84,56,25,21,-64,65,180,-196,-179,-8,116,94,8,183,-167,119,64,15,-126,-117,166,-157,149,125,-190,141,-31,-181,-173,113,-116,45,-46,-193,-76,-127,-35,-132,-35,148,-27,-200,102,133,-69,-197,25,-21,-49,-112,186,-45,-25,22,48,-141
